Date,Australian dollar   (AUD),Canadian dollar   (CAD),Chinese yuan   (CNY),Euro   (EUR),Indian rupee   (INR),Japanese yen   (JPY),Kuwaiti dinar   (KWD),Malaysian ringgit   (MYR),Mexican peso   (MXN),Qatari riyal   (QAR),Russian ruble   (RUB),Saudi Arabian riyal   (SAR),Swiss franc   (CHF),U.A.E. dirham   (AED),U.K. pound   (GBP),U.S. dollar   (USD)
3-Jan-22,1.403316442,1.275972561,6.548405488,0.880669309,74.3115,126.2157927,0.3025,4.171,20.589,3.64,72.28549125,3.75,0.9121,3.6725,0.7862885518,1
4-Jan-22,1.386770212,1.2708,6.3751,0.886603422,74.5717,115.42,0.30265,4.1815,20.4742,3.64,72.28549125,3.75,0.9187,3.6725,0.740987737,1
5-Jan-22,1.382743363,1.2717,6.372,0.883470271,74.484,116.2,0.30265,4.1905,20.3977,3.64,72.28549125,3.75,0.9151,3.6725,0.738497895,1
6-Jan-22,1.393339836,1.2741,6.3742,0.883782589,74.4398,116.04,0.30265,4.202,20.4588,3.64,72.28549125,3.75,0.9178,3.6725,0.738716111,1
7-Jan-22,1.396258028,1.2666,6.3734,0.885112409,74.2939,115.89,0.30265,4.2025,20.4237,3.64,72.28549125,3.75,0.92215,3.6725,0.737952919,1
10-Jan-22,1.390240512,1.2679,6.3726,0.88354833,74.163,115.89,0.30255,4.2013,20.4453,3.64,75.1315,3.75,0.92195,3.6725,0.736187286,1
11-Jan-22,1.391594768,1.2606,6.3726,0.882145378,73.9319,115.32,0.30255,4.1928,20.3785,3.64,74.8355,3.75,0.9264,3.6725,0.736160188,1
12-Jan-22,1.385425326,1.251,6.3645,0.879507476,73.9968,115.33,0.3024,4.1825,20.366,3.64,74.5277,3.75,0.92355,3.6725,0.733433569,1
13-Jan-22,1.371553971,1.2484,6.3605,0.872371979,73.9348,114.66,0.30205,4.1795,20.3607,3.64,74.5686,3.75,0.91205,3.6725,0.72859745,1
14-Jan-22,1.373060552,1.2545,6.346,0.873591334,74.1157,114.0,0.30205,4.1785,20.3118,3.64,75.7668,3.75,0.9114,3.6725,0.728703636,1
18-Jan-22,1.389854065,1.2529,6.3504,0.879739597,74.4115,114.54,0.30225,4.1785,20.403,3.64,76.3347,3.75,0.915,3.6725,0.735240056,1
19-Jan-22,1.391207568,1.2492,6.3527,0.881445571,74.5955,114.7,0.30235,4.1925,20.46,3.64,76.8697,3.75,0.91605,3.6725,0.733621891,1
20-Jan-22,1.381597126,1.2474,6.3424,0.881989769,74.3618,114.28,0.30235,4.1855,20.4507,3.64,76.4408,3.75,0.91545,3.6725,0.734969866,1
21-Jan-22,1.390433815,1.2545,6.3411,0.881212548,74.5343,113.83,0.30235,4.1865,20.4598,3.64,76.6903,3.75,0.91315,3.6725,0.737599115,1
24-Jan-22,1.39275766,1.2656,6.3318,0.884642604,74.5788,113.83,0.30225,4.1835,20.6308,3.64,77.3649,3.75,0.9124,3.6725,0.741399763,1
25-Jan-22,1.40193467,1.2629,6.329,0.887468939,74.7025,113.98,0.30235,4.188,20.6683,3.64,78.6422,3.75,0.92015,3.6725,0.743715603,1
26-Jan-22,1.40193467,1.2606,6.3234,0.886760663,74.7025,113.81,0.30235,4.1905,20.6415,3.64,78.9437,3.75,0.9205,3.6725,0.740110276,1
27-Jan-22,1.4120305,1.2712,6.3612,0.896057348,75.1724,114.67,0.3027,4.203,20.7383,3.64,78.947,3.75,0.93065,3.6725,0.747049156,1
28-Jan-22,1.422879909,1.2772,6.3642,0.897827258,74.9513,115.44,0.3027,4.192,20.8597,3.64,77.8174,3.75,0.93185,3.6725,0.746881769,1
31-Jan-22,1.426330053,1.2719,6.3642,0.89637863,74.9674,115.43,0.303,4.189,20.8597,3.64,77.4702,3.75,0.93395,3.6725,0.746045956,1
1-Feb-22,1.415227852,1.2694,6.3642,0.888099467,74.5295,115.15,0.303,4.189,20.8597,3.64,77.1302,3.75,0.921,3.6725,0.741015191,1
2-Feb-22,1.401738155,1.2677,6.3642,0.883158174,74.8334,114.7,0.30255,4.189,20.6003,3.64,76.4849,3.75,0.91935,3.6725,0.737191301,1
3-Feb-22,1.404494382,1.2677,6.3642,0.886053518,74.857,114.45,0.30245,4.1815,20.5562,3.64,76.6501,3.75,0.9226,3.6725,0.735213028,1
4-Feb-22,1.398601399,1.2758,6.3642,0.872295883,74.7231,115.0,0.30245,4.1795,20.7325,3.64,76.0509,3.75,0.92275,3.6725,0.73670252,1
7-Feb-22,1.410039481,1.2688,6.3567,0.873591334,74.7231,115.23,0.3022,4.1858,20.7325,3.64,75.6806,3.75,0.9235,3.6725,0.740082889,1
8-Feb-22,1.404297149,1.2709,6.3711,0.87657784,74.69,115.29,0.3022,4.1865,20.7325,3.64,75.3042,3.75,0.9229,3.6725,0.738334318,1
9-Feb-22,1.39528394,1.268,6.3623,0.874508089,74.818,115.53,0.3022,4.185,20.5008,3.64,74.8015,3.75,0.9235,3.6725,0.736485491,1
10-Feb-22,1.393728223,1.2682,6.3576,0.87420229,74.9367,115.59,0.3023,4.185,20.4148,3.64,74.7241,3.75,0.92495,3.6725,0.736973985,1
11-Feb-22,1.404494382,1.2702,6.3614,0.875886835,75.3542,115.59,0.3023,4.1883,20.4148,3.64,74.9867,3.75,0.92725,3.6725,0.737300007,1
14-Feb-22,1.404889014,1.2738,6.3588,0.883704489,75.5533,115.4,0.30245,4.192,20.411,3.64,76.5762,3.75,0.92475,3.6725,0.739973361,1
15-Feb-22,1.403114915,1.2741,6.3516,0.881445571,75.6611,115.42,0.30255,4.1865,20.3992,3.64,76.166,3.75,0.9244,3.6725,0.738797976,1
16-Feb-22,1.397624039,1.2686,6.3357,0.879352796,75.0815,115.69,0.30255,4.189,20.3335,3.64,75.0141,3.75,0.92465,3.6725,0.737571913,1
17-Feb-22,1.39431121,1.2695,6.3346,0.879507476,75.0866,115.45,0.30245,4.185,20.2978,3.64,75.7527,3.75,0.92065,3.6725,0.734753857,1
18-Feb-22,1.387732445,1.2734,6.3276,0.880746873,74.9223,114.94,0.30245,4.1845,20.3063,3.64,75.7619,3.75,0.92065,3.6725,0.734241345,1
22-Feb-22,1.388503194,1.2743,6.3374,0.881678716,74.8804,114.7,0.30245,4.1845,20.2977,3.64,80.4194,3.75,0.91915,3.6725,0.737762367,1
23-Feb-22,1.382170007,1.2718,6.3219,0.881523272,74.6224,114.7,0.30245,4.1845,20.2435,3.64,80.4194,3.75,0.9196,3.6725,0.73602473,1
24-Feb-22,1.389274799,1.2832,6.3189,0.895816537,75.2578,114.94,0.3027,4.196,20.6525,3.64,86.9288,3.75,0.92335,3.6725,0.746547219,1
25-Feb-22,1.389274799,1.2747,6.3141,0.891583452,75.2842,115.54,0.3027,4.198,20.4465,3.64,83.5485,3.75,0.92655,3.6725,0.746965453,1
28-Feb-22,1.392369813,1.2698,6.3109,0.892936869,75.4882,115.55,0.3027,4.201,20.4257,3.64,93.5589,3.75,0.9217,3.6725,0.746575087,1
1-Mar-22,1.377410468,1.2708,6.3133,0.895896793,75.4882,115.25,0.3027,4.195,20.5272,3.64,91.7457,3.75,0.9173,3.6725,0.745767768,1
2-Mar-22,1.375705049,1.2668,6.3119,0.900414191,75.72,115.0,0.3031,4.192,20.7193,3.64,103.2487,3.75,0.9194,3.6725,0.749962502,1
3-Mar-22,1.369675387,1.2664,6.3194,0.902853016,75.7111,115.6,0.3032,4.1905,20.7033,3.64,111.7564,3.75,0.9205,3.6725,0.747971128,1
4-Mar-22,1.358880283,1.275,6.321,0.914996798,76.1246,115.38,0.3032,4.1853,20.9262,3.64,105.8124,3.75,0.9178,3.6725,0.752671986,1
7-Mar-22,1.347890551,1.2773,6.3187,0.917852226,76.9239,114.92,0.3038,4.179,21.1947,3.64,105.8124,3.75,0.9253,3.6725,0.759359101,1
8-Mar-22,1.368176221,1.2867,6.3173,0.918105031,76.8816,115.47,0.3039,4.1803,21.3775,3.64,105.8124,3.75,0.9258,3.6725,0.762282273,1
9-Mar-22,1.372683596,1.2821,6.3177,0.90966979,76.8567,115.87,0.3039,4.182,20.9677,3.64,116.0847,3.75,0.9282,3.6725,0.76057195,1
10-Mar-22,1.365933616,1.2776,6.3207,0.902201371,76.116,116.0,0.3035,4.184,20.9743,3.64,120.3785,3.75,0.92685,3.6725,0.759936165,1
11-Mar-22,1.363140676,1.272,6.3203,0.909918107,76.4359,116.3,0.3035,4.184,20.9695,3.64,116.7517,3.75,0.93165,3.6725,0.762834694,1
14-Mar-22,1.363140676,1.2777,6.3606,0.912408759,76.6086,117.58,0.30415,4.2055,20.8908,3.64,115.1963,3.75,0.93585,3.6725,0.767695378,1
15-Mar-22,1.391594768,1.2803,6.3802,0.90983532,76.4879,118.23,0.304,4.2078,20.8743,3.64,111.4823,3.75,0.93905,3.6725,0.765990042,1
16-Mar-22,1.387539892,1.2721,6.348,0.909587047,76.3482,118.39,0.304,4.1995,20.7035,3.64,108.0521,3.75,0.93995,3.6725,0.763825237,1
17-Mar-22,1.366493577,1.2651,6.3476,0.904895485,75.8935,118.97,0.30385,4.19,20.5585,3.64,104.8012,3.75,0.93985,3.6725,0.760138345,1
18-Mar-22,1.35501355,1.2617,6.3619,0.908430233,75.8935,118.68,0.30385,4.203,20.4145,3.64,103.9524,3.75,0.93565,3.6725,0.761643627,1
21-Mar-22,1.350621286,1.2593,6.3634,0.905961225,76.1347,118.68,0.30385,4.2,20.4145,3.64,104.6819,3.75,0.9307,3.6725,0.760861295,1
22-Mar-22,1.352447931,1.2588,6.3603,0.907111756,76.3807,120.0,0.3041,4.2135,20.2782,3.64,104.0741,3.75,0.9307,3.6725,0.756343834,1
23-Mar-22,1.340662287,1.2571,6.376,0.910332271,76.1872,121.19,0.3041,4.2195,20.18,3.64,103.1618,3.75,0.93485,3.6725,0.757346259,1
24-Mar-22,1.338150676,1.2545,6.3691,0.910912735,76.3403,121.24,0.3041,4.227,20.1313,3.64,96.0458,3.75,0.93085,3.6725,0.757432304,1
25-Mar-22,1.328727079,1.2502,6.3633,0.90892565,76.1781,121.82,0.3041,4.222,19.9577,3.64,95.6618,3.75,0.92635,3.6725,0.757776683,1
28-Mar-22,1.329080276,1.2541,6.3732,0.911909539,76.2569,122.22,0.30445,4.214,20.1195,3.64,93.7125,3.75,0.93505,3.6725,0.760080569,1
29-Mar-22,1.336541032,1.2509,6.3709,0.902119982,75.9731,124.2,0.30445,4.222,19.9942,3.64,86.2843,3.75,0.93585,3.6725,0.763562784,1
30-Mar-22,1.328550551,1.247,6.355,0.898795614,75.7678,122.5,0.3039,4.205,19.8632,3.64,84.0851,3.75,0.92615,3.6725,0.76115086,1
31-Mar-22,1.336541032,1.2496,6.3427,0.900819746,75.8071,122.4,0.3039,4.204,19.9112,3.64,83.4097,3.75,0.9251,3.6725,0.761875738,1
1-Apr-22,1.3374348,1.2512,6.3588,0.904813608,75.8071,122.2,0.3039,4.209,19.8432,3.64,83.4285,3.75,0.9241,3.6725,0.760977095,1
4-Apr-22,1.330849082,1.249,6.3588,0.908677874,75.8071,122.43,0.30415,4.2185,19.7443,3.64,83.5932,3.75,0.9241,3.6725,0.763562784,1
5-Apr-22,1.313197636,1.2451,6.3588,0.911660133,75.3899,122.55,0.3044,4.2175,19.9012,3.64,83.352,3.75,0.92595,3.6725,0.761672633,1
6-Apr-22,1.320655045,1.2509,6.3642,0.915499405,75.6016,124.0,0.3048,4.218,20.0665,3.64,83.352,3.75,0.93345,3.6725,0.764379897,1
7-Apr-22,1.336362421,1.2584,6.3626,0.916086479,75.8029,123.64,0.30465,4.2183,20.1605,3.64,76.2547,3.75,0.93325,3.6725,0.76499388,1
8-Apr-22,1.336362421,1.2584,6.3625,0.920725532,75.7811,124.0,0.30465,4.2205,20.12,3.64,74.8501,3.75,0.93465,3.6725,0.766753565,1
11-Apr-22,1.34264232,1.2621,6.3702,0.917431193,75.9627,125.0,0.30495,4.2268,20.0093,3.64,79.1596,3.75,0.93405,3.6725,0.766518473,1
12-Apr-22,1.345351809,1.2617,6.3689,0.920725532,76.1127,125.53,0.30495,4.233,19.8407,3.64,79.6274,3.75,0.93265,3.6725,0.768344218,1
13-Apr-22,1.342101731,1.2607,6.3653,0.923702198,76.2248,125.6,0.3051,4.2265,19.7967,3.64,79.8471,3.75,0.9336,3.6725,0.769023724,1
14-Apr-22,1.340842049,1.2601,6.369,0.919286634,76.2248,125.3,0.3048,4.2285,19.7967,3.64,81.288,3.75,0.93475,3.6725,0.761556622,1
15-Apr-22,1.340842049,1.2601,6.3727,0.919286634,76.2248,126.4,0.3048,4.2345,19.7967,3.64,80.0437,3.75,0.93475,3.6725,0.761556622,1
18-Apr-22,1.340842049,1.2618,6.3723,0.919286634,76.3737,126.64,0.30525,4.2483,19.9377,3.64,79.4529,3.75,0.93475,3.6725,0.761556622,1
19-Apr-22,1.356300014,1.2624,6.3771,0.925668796,76.2797,127.34,0.30555,4.2483,20.0447,3.64,79.0287,3.75,0.94865,3.6725,0.767606985,1
20-Apr-22,1.346619984,1.2502,6.4163,0.923361034,76.4183,129.4,0.30555,4.266,20.0383,3.64,77.0809,3.75,0.94745,3.6725,0.765784738,1
21-Apr-22,1.343363783,1.2529,6.4465,0.918526683,76.2091,128.28,0.30525,4.287,20.1802,3.64,74.999,3.75,0.94805,3.6725,0.765374459,1
22-Apr-22,1.363326517,1.2702,6.4736,0.924470741,76.3279,128.61,0.30525,4.3075,20.3183,3.64,73.505,3.75,0.955,3.6725,0.774683348,1
25-Apr-22,1.363326517,1.2758,6.5507,0.93057882,76.7366,128.78,0.30575,4.3475,20.3183,3.64,73.3611,3.75,0.95865,3.6725,0.786751111,1
26-Apr-22,1.385041551,1.2797,6.5543,0.936855912,76.5612,127.6,0.30575,4.348,20.356,3.64,72.7089,3.75,0.95795,3.6725,0.78647267,1
27-Apr-22,1.392951665,1.2828,6.5583,0.944911651,76.6414,127.62,0.3061,4.3565,20.4707,3.64,72.8764,3.75,0.9644,3.6725,0.794470485,1
28-Apr-22,1.409244645,1.2829,6.607,0.953743443,76.6167,129.9,0.30665,4.3615,20.567,3.64,72.2953,3.75,0.97285,3.6725,0.802181935,1
29-Apr-22,1.398992725,1.2792,6.5866,0.948766603,76.4242,129.9,0.30665,4.359,20.3728,3.64,71.0237,3.75,0.97055,3.6725,0.795576594,1
2-May-22,1.419849496,1.2792,6.5866,0.950209046,76.4346,130.07,0.30665,4.359,20.3728,3.64,71.0237,3.75,0.9731,3.6725,0.795576594,1
3-May-22,1.407063459,1.2847,6.5866,0.947328534,76.4346,130.07,0.30665,4.359,20.335,3.64,71.0237,3.75,0.97725,3.6725,0.800224063,1
4-May-22,1.406469761,1.281,6.5866,0.949577438,76.4841,130.07,0.30665,4.359,20.2535,3.64,69.416,3.75,0.98155,3.6725,0.798849656,1
5-May-22,1.38102472,1.281,6.6179,0.946252839,76.0887,130.07,0.30665,4.3365,20.2218,3.64,66.2378,3.75,0.9773,3.6725,0.796876245,1
6-May-22,1.40944327,1.2882,6.6805,0.946073794,76.747,130.5,0.30665,4.3725,20.1085,3.64,67.3843,3.75,0.98325,3.6725,0.80824409,1
9-May-22,1.428163382,1.2964,6.726,0.947059381,77.3679,130.8,0.30695,4.3795,20.3172,3.64,67.3843,3.75,0.98325,3.6725,0.810011745,1
10-May-22,1.433691756,1.3012,6.7242,0.947508054,77.3537,130.35,0.3067,4.377,20.372,3.64,67.3843,3.75,0.99615,3.6725,0.809388911,1
11-May-22,1.437814522,1.297,6.7276,0.947597839,77.2641,130.4,0.3068,4.3835,20.372,3.64,68.8389,3.75,0.9901,3.6725,0.810307106,1
12-May-22,1.453699666,1.3039,6.7838,0.960799385,77.5868,129.74,0.3068,4.3865,20.32,3.64,65.7916,3.75,0.99615,3.6725,0.819101446,1
13-May-22,1.449695564,1.2953,6.7825,0.962927299,77.3543,128.9,0.3068,4.397,20.1443,3.64,63.7799,3.75,0.9996,3.6725,0.819705726,1
16-May-22,1.45158949,1.2888,6.8023,0.959508732,77.3543,128.95,0.307,4.397,20.0782,3.64,63.4445,3.75,1.00405,3.6725,0.81512879,1
17-May-22,1.427144284,1.2834,6.7535,0.948676596,77.651,129.34,0.30685,4.395,19.9637,3.64,63.5428,3.75,0.99565,3.6725,0.802214111,1
18-May-22,1.421666193,1.2841,6.7518,0.950299344,77.5716,129.31,0.3065,4.3945,19.9663,3.64,63.5643,3.75,0.9965,3.6725,0.806386582,1
19-May-22,1.429388222,1.2809,6.7639,0.950118765,77.6999,128.4,0.3065,4.4023,19.9267,3.64,62.4031,3.75,0.9767,3.6725,0.804764204,1
20-May-22,1.420454545,1.2829,6.674,0.945447669,77.5829,127.76,0.3065,4.3975,19.8657,3.64,58.8862,3.75,0.97075,3.6725,0.801185755,1
23-May-22,1.406074241,1.2829,6.6683,0.938174313,77.589,127.76,0.3061,4.3885,19.8282,3.64,58.2087,3.75,0.9665,3.6725,0.794975753,1
24-May-22,1.411831145,1.2826,6.6666,0.932835821,77.6352,127.87,0.3059,4.3905,19.887,3.64,56.969,3.75,0.96615,3.6725,0.799264676,1
25-May-22,1.407063459,1.2837,6.6685,0.938438438,77.5137,126.97,0.30575,4.3925,19.8377,3.64,56.2996,3.75,0.96395,3.6725,0.800608462,1
26-May-22,1.415227852,1.2792,6.7324,0.934841544,77.6262,127.48,0.30575,4.3975,19.7933,3.64,62.0495,3.75,0.96395,3.6725,0.792707095,1
27-May-22,1.401738155,1.2738,6.7291,0.932661817,77.6592,127.01,0.30575,4.3825,19.7933,3.64,66.4029,3.75,0.9597,3.6725,0.794186554,1
31-May-22,1.391401141,1.2648,6.6612,0.933445347,77.6641,128.2,0.30565,4.3755,19.694,3.64,61.6069,3.75,0.96005,3.6725,0.794344269,1
1-Jun-22,1.395089286,1.2639,6.6893,0.933532487,77.5554,128.92,0.3058,4.387,19.7388,3.64,61.4733,3.75,0.9622,3.6725,0.794281176,1
2-Jun-22,1.397233478,1.2597,6.6764,0.935278713,77.5883,130.04,0.30605,4.393,19.5585,3.64,61.575,3.75,0.9595,3.6725,0.794281176,1
3-Jun-22,1.377979881,1.2579,6.6764,0.931966449,77.5994,129.82,0.30605,4.386,19.5742,3.64,61.9659,3.75,0.9591,3.6725,0.794281176,1
6-Jun-22,1.388696014,1.2564,6.6459,0.932314003,77.6718,130.75,0.30595,4.386,19.5547,3.64,61.1094,3.75,0.9591,3.6725,0.796558866,1
7-Jun-22,1.393339836,1.2555,6.6648,0.937910336,77.7239,132.23,0.30615,4.397,19.5998,3.64,60.9565,3.75,0.97625,3.6725,0.800256082,1
8-Jun-22,1.388503194,1.254,6.6774,0.931185399,77.7251,132.9,0.30615,4.3925,19.59,3.64,60.2282,3.75,0.97745,3.6725,0.797638989,1
9-Jun-22,1.393534002,1.2644,6.6869,0.930838686,77.787,134.44,0.30615,4.392,19.6128,3.64,58.3895,3.75,0.97775,3.6725,0.797861731,1
10-Jun-22,1.404297149,1.2777,6.6885,0.945358291,77.84,134.2,0.30615,4.399,19.9297,3.64,57.778,3.75,0.9815,3.6725,0.803729304,1
13-Jun-22,1.404297149,1.2777,6.7347,0.956480153,78.143,135.0,0.3066,4.415,20.4527,3.64,57.778,3.75,0.99275,3.6725,0.819705726,1
14-Jun-22,1.435544071,1.2777,6.7316,0.956754688,78.0015,134.12,0.3067,4.424,20.6583,3.64,57.0926,3.75,0.99415,3.6725,0.827403607,1
15-Jun-22,1.448016218,1.2777,6.7201,0.958680855,78.0755,134.99,0.30685,4.4193,20.6675,3.64,56.6624,3.75,0.99855,3.6725,0.827061451,1
16-Jun-22,1.428775539,1.2777,6.7135,0.961538462,78.0864,134.26,0.3067,4.3993,20.5728,3.64,56.6624,3.75,0.99855,3.6725,0.827369379,1
17-Jun-22,1.42612664,1.2777,6.7013,0.953652489,78.0875,133.2,0.3067,4.402,20.5728,3.64,56.6624,3.75,0.96435,3.6725,0.81300813,1
21-Jun-22,1.436781609,1.2929,6.6967,0.947867299,78.0861,135.19,0.3067,4.399,20.1963,3.64,54.7081,3.75,0.9666,3.6725,0.814067079,1
22-Jun-22,1.44571346,1.2942,6.7207,0.950479992,78.2115,136.47,0.30655,4.402,20.0465,3.64,53.2788,3.75,0.9652,3.6725,0.816393175,1
23-Jun-22,1.449695564,1.2982,6.7081,0.953016297,78.2662,135.2,0.3063,4.406,20.0365,3.64,53.3578,3.75,0.96565,3.6725,0.81879964,1
24-Jun-22,1.447596989,1.2933,6.6958,0.950209046,78.3308,135.19,0.3063,4.406,19.8707,3.64,53.3234,3.75,0.95715,3.6725,0.812644752,1
27-Jun-22,1.443001443,1.2887,6.6862,0.945894816,78.289,134.6,0.3063,4.406,19.8797,3.64,53.3641,3.75,0.9583,3.6725,0.814697136,1
28-Jun-22,1.443418014,1.2864,6.6867,0.94688003,78.6966,135.45,0.3063,4.406,19.9847,3.64,52.9699,3.75,0.956,3.6725,0.816926722,1
29-Jun-22,1.449695564,1.2878,6.7024,0.950841495,78.9376,136.11,0.30645,4.406,20.1443,3.64,51.158,3.75,0.951,3.6725,0.822537528,1
30-Jun-22,1.45158949,1.2886,6.6948,0.962741889,78.9421,136.63,0.3067,4.406,20.1335,3.64,52.5123,3.75,0.9593,3.6725,0.825832026,1
1-Jul-22,1.464128843,1.2886,6.7042,0.959232614,79.094,135.98,0.3067,4.409,20.3817,3.64,53.7676,3.75,0.96035,3.6725,0.829462508,1
5-Jul-22,1.454968718,1.3038,6.6977,0.971817298,79.079,136.13,0.3068,4.417,20.5598,3.64,58.5118,3.75,0.9649,3.6725,0.831739167,1
6-Jul-22,1.474056604,1.3047,6.707,0.982607841,79.332,135.68,0.30715,4.425,20.7228,3.64,62.911,3.75,0.9717,3.6725,0.839031757,1
7-Jul-22,1.465845793,1.2986,6.7099,0.982318271,79.0235,135.7,0.3073,4.426,20.6022,3.64,63.1427,3.75,0.97295,3.6725,0.834028357,1
8-Jul-22,1.465416178,1.2986,6.7049,0.983961429,79.2499,136.02,0.3073,4.4255,20.4423,3.64,61.2664,3.75,0.9767,3.6725,0.834202294,1
11-Jul-22,1.467782181,1.3,6.7093,0.990295108,79.4098,136.45,0.3073,4.4255,20.7473,3.64,61.3045,3.75,0.98035,3.6725,0.836260244,1
12-Jul-22,1.488095238,1.3015,6.7355,0.995817566,79.6401,137.15,0.3073,4.4365,20.7882,3.64,58.8541,3.75,0.98525,3.6725,0.84420244,1
13-Jul-22,1.476886723,1.2976,6.72,0.993344591,79.6592,137.12,0.3073,4.4315,20.7613,3.64,58.5322,3.75,0.97745,3.6725,0.839278221,1
14-Jul-22,1.479946722,1.3138,6.7383,0.99950025,79.871,138.0,0.3078,4.4415,20.9415,3.64,58.2568,3.75,0.98405,3.6725,0.845594453,1
15-Jul-22,1.479946722,1.3138,6.7651,0.994134606,79.871,138.9,0.3078,4.4415,20.9415,3.64,58.2568,3.75,0.9796,3.6725,0.844630263,1
18-Jul-22,1.470155837,1.2948,6.7425,0.987069391,79.8958,138.9,0.3077,4.4493,20.3957,3.64,56.5616,3.75,0.9762,3.6725,0.834445928,1
19-Jul-22,1.459640928,1.2904,6.7438,0.976085896,79.9478,138.22,0.3075,4.457,20.4407,3.64,55.437,3.75,0.96775,3.6725,0.831600832,1
20-Jul-22,1.446759259,1.2884,6.7531,0.980488283,79.9738,138.15,0.30715,4.449,20.4913,3.64,54.8491,3.75,0.9703,3.6725,0.834620039,1
21-Jul-22,1.447178003,1.2895,6.7643,0.980488283,79.9763,138.45,0.30725,4.4565,20.6562,3.64,56.4783,3.75,0.97265,3.6725,0.835980605,1
22-Jul-22,1.448016218,1.2876,6.7689,0.981354269,79.9101,137.32,0.30725,4.453,20.515,3.64,57.3917,3.75,0.9655,3.6725,0.83654007,1
25-Jul-22,1.447387466,1.2852,6.7546,0.976944119,79.8488,136.6,0.30705,4.4555,20.4652,3.64,57.7821,3.75,0.96355,3.6725,0.829806655,1
26-Jul-22,1.436575205,1.2883,6.7572,0.987751877,79.7948,136.45,0.30705,4.457,20.433,3.64,58.6605,3.75,0.9647,3.6725,0.833402784,1
27-Jul-22,1.44092219,1.2872,6.7594,0.985027581,79.8967,136.99,0.30725,4.46,20.512,3.64,60.2198,3.75,0.9614,3.6725,0.82915302,1
28-Jul-22,1.429388222,1.2835,6.743,0.987947046,79.7434,135.3,0.3069,4.455,20.3778,3.64,60.2031,3.75,0.9615,3.6725,0.825082508,1
29-Jul-22,1.427144284,1.2824,6.7286,0.980584428,79.4203,133.0,0.3069,4.4485,20.3485,3.64,61.3101,3.75,0.9516,3.6725,0.82088327,1
1-Aug-22,1.427144284,1.2824,6.7522,0.977230529,79.169,132.5,0.3066,4.4515,20.2633,3.64,62.0506,3.75,0.9516,3.6725,0.81672656,1
2-Aug-22,1.437607821,1.2856,6.7607,0.978090767,78.6082,130.85,0.3063,4.4565,20.5152,3.64,60.1595,3.75,0.95285,3.6725,0.819437047,1
3-Aug-22,1.442169022,1.2853,6.7535,0.980969198,78.8427,133.75,0.3066,4.457,20.6305,3.64,60.2374,3.75,0.9586,3.6725,0.82088327,1
4-Aug-22,1.436575205,1.2854,6.7547,0.982221786,79.5427,133.62,0.30675,4.4543,20.3358,3.64,60.258,3.75,0.95945,3.6725,0.821523927,1
5-Aug-22,1.435132032,1.2934,6.7471,0.977230529,79.1158,133.01,0.30675,4.4545,20.401,3.64,60.3696,3.75,0.95535,3.6725,0.823655383,1
8-Aug-22,1.441545337,1.2857,6.7576,0.980488283,79.5785,135.4,0.30685,4.461,20.2789,3.64,60.3164,3.75,0.9575,3.6725,0.826036676,1
9-Aug-22,1.433691756,1.288,6.7554,0.97713504,79.5785,134.86,0.30685,4.4558,20.2715,3.64,60.3814,3.75,0.9532,3.6725,0.825934338,1
10-Aug-22,1.437607821,1.2789,6.7577,0.97541943,79.5033,135.2,0.30675,4.457,19.9562,3.64,60.4542,3.75,0.9489,3.6725,0.826651236,1
11-Aug-22,1.413427562,1.2753,6.7383,0.967305088,79.4881,135.2,0.3064,4.447,19.9595,3.64,60.6229,3.75,0.9415,3.6725,0.819302773,1
12-Aug-22,1.404099972,1.2783,6.7347,0.972289742,79.7011,133.35,0.3064,4.4405,19.874,3.64,60.8993,3.75,0.943,3.6725,0.824538259,1
15-Aug-22,1.411831145,1.2908,6.7677,0.980872977,79.7011,133.0,0.3065,4.4525,19.8618,3.64,61.3747,3.75,0.9453,3.6725,0.827095654,1
16-Aug-22,1.420858198,1.2867,6.7898,0.987069391,79.7011,133.17,0.30675,4.4638,19.9303,3.64,61.4247,3.75,0.95065,3.6725,0.831808351,1
17-Aug-22,1.423690205,1.2912,6.777,0.98386462,79.4335,134.31,0.30675,4.4655,20.0387,3.64,60.7552,3.75,0.9517,3.6725,0.826309701,1
18-Aug-22,1.443626389,1.2928,6.7932,0.982511299,79.6667,134.88,0.3069,4.472,20.0835,3.64,59.957,3.75,0.95325,3.6725,0.829600133,1
19-Aug-22,1.446340758,1.2991,6.8119,0.994629003,79.7528,136.28,0.3069,4.4778,20.1957,3.64,59.1321,3.75,0.9566,3.6725,0.844273714,1
22-Aug-22,1.450957632,1.3035,6.8362,0.99990001,79.8703,137.2,0.3074,4.482,20.1598,3.64,59.7419,3.75,0.9587,3.6725,0.847170451,1
23-Aug-22,1.454122437,1.2972,6.8594,1.007353682,79.8903,137.28,0.30775,4.4875,19.9982,3.64,59.8963,3.75,0.9667,3.6725,0.850051003,1
24-Aug-22,1.448225923,1.2983,6.8634,1.006643849,79.7927,136.9,0.30765,4.4875,19.9198,3.64,59.9974,3.75,0.964,3.6725,0.849184783,1
25-Aug-22,1.437814522,1.2937,6.8516,1.003009027,79.8705,136.94,0.30765,4.4785,19.9437,3.64,59.7699,3.75,0.9638,3.6725,0.845594453,1
26-Aug-22,1.437401179,1.2989,6.8613,0.99930049,79.9097,136.72,0.30765,4.4743,19.9268,3.64,60.0924,3.75,0.9628,3.6725,0.844951415,1
